pop,rock,country
Ian Carey Project,The Gaslight Anthem,Ian McConnell
Lexy & K-Paul,Ritchie Blackmore's Rainbow,Rossington Collins Band
Discobitch,Skrizzly Adams,Doug Sahm
Jay Frog,Akasha,The Desert Rose Band
Steve James,The Movement in Codes,Jimmy Murphy
Delta Jack,Vin Gordon,Lowell George
Sono,Mike Ratledge,Tom Russell
Zack Martino,The Termites,Michael Peterson
Geo Da Silva,Sangre Avandaro,Highway 101
Eric Chase,Curtis Gordon,Paul Overstreet
Sj,Pasos Sin Rumbo,The Stills-Young Band
ToWonder,Fates Warning,Emily Hackett
Dante Klein,Johnnie Ray,Charles Esten
PH Electro,Desmond Dekker & The Aces,Murphy Elmore
Hoang,Baba Brooks & His Band,Hardrock Gunter
Xillions,Roy Shirley,Suzy Bogguss
Carla Monroe,The Gaylettes,Cristy Lane
Global Deejays,Lynn Taitt & The Jets,Jesse James
SOMMA,Gladstone Anderson,The Eagles
NATIIVE,The Chosen Few,Buddy Jewell
Young Bombs,Werly Fairburn,Curley Williams
Over Easy,Rudy Grayzell,The Forester Sisters
Party Pupils,Heavy Nopal,Commander Cody and His Lost Planet Airmen
Laurent Wolf,Sur 16,Dennis Wilson
TELYKast,Sam Sam,Wet Willie
B-Case,Blues Boys,Restless Heart
Dillistone,Onie Wheeler,K.T. Oslin
Yanou,Dorsey Burnette,Lorrie Morgan
Matthew Koma,Sid King & The Five Strings,Hal Ketchum
Asketa & Natan Chaim,Kenny Parchman,Wynonna
DEAMN,Johnny Carroll,Steve Wariner
Johnning,Sleepy LaBeef,Mudcrutch
Marcapasos,Brian Setzer,SixForty1
Drenchill,FM,Jimmy Bryant
Frank Walker,Phenomena,Two Story Road
RUNN,Dare,Heather Morgan
John Martin,Matchbox,Kathy Mattea
CADE,For You,Moe Bandy
Jean Elan,Isis,Holly Dunn
Micha Moor,Tommy Sands,Al Dexter & His Troopers
Markus Gardeweg,Billy Brown,"Arthur ""Guitar Boogie"" Smith"
Landis,Jack Earls,George Beverly Shea
Big Z,The Collins Kids,Lee Greenwood
Mahalo,Barbara Pittman,T. Graham Brown
ROW,Sonny Burgess,The Mavericks
Sophie Francis,The Crystalites,Carlene Carter
PLAYDED,The Slickers,Marty Stuart
Lost Capital,Jerry Harrison,Pam Tillis
Greg Dela,Dawn Penn,The Statler Brothers
Conor Ross,Ray Manzarek,The Judds
Jay Eskar,Mara,Jerry Reed
Axel Johansson,Carl Mann,The Jordanaires
Disco Dice,Carl Dawkins,The Bellamy Brothers
Player & Remady,Carlton and the Shoes,Crazy Horse
Remady P&R,John D. Loudermilk,Don Williams
Glamrock Brothers,Roy Hall,Keith Whitley
Chris Campell,Don Woody,Billy Ray Cyrus
Chris Decay,Wayne Walker,Faren Rachels
Klaas & Bodybangers,Bobby Lord,Kassi Ashton
Jasper Forks,Hayden Thompson,Josh Melton
Sonic Palms,Bill Haley,Tiera
Klaas meets Haddaway,Ronnie Self,Seth Alley
The Glitterboys,The Big Bopper,Alex Hall
Andrew Spencer & Daniel Slam,Gene Vincent & His Blue Caps,Sammy Arriaga
Jaques RaupÃ©,Cliff Richard & The Drifters,Eddy Raven
Pitch & Patch,Bob Luman,John Schneider
Firstwave,Bruce Channel,Mark Collie
Mondotek,The Champs,Nikita Karmen
Jaybee,Gun,Cowboy
Kalide,Gene Vincent,Gene Parsons
Dytone,The Uniques,Eddie Head and Family
Movada,Bill Justis,Lee Roy Parnell
Benjamin Darren,Ian Gillan,Pirates Of The Mississippi
MODULATE,Carl Perkins,Chris Hillman
MRVLZ,Don Airey,Emily Ann Roberts
Rain Man,La Otra Cara De Mexico,Adam Wakefield
Cisco Brothers,Disturbio,Mason Proffit
Cisko Brothers,Ritual Viviente,The Souther-Hillman-Furay Band
Kesh,Caneza,Corey Kent
Shane 54,Brebaje ExtraÃ±o,Halle Kearns
Joshua Francois,Juan HernÃ¡ndez y Su Banda de Blues,Kevin Sharp
Steam Phunk,Rod Levario,Doug Supernaw
GSPR,Caneza Band,Chad Brock
Asher Postman,Rock'n Rolas,Andy Griggs
King CAAN,Alma Callejera,Ian Matthews
GhostDragon,TrolebÃºs,Mo Pitney
Caslow,Shenley Duffus,Lexie Hayden
Horny United,David Isaacs,Lena Stone
Kurd Maverick,Bruce Ruffin,Madison Kozak
Limelight,The Maytones,Kree Harrison
Recover Project,Cedric 'Im' Brooks,Alyssa Micaela
Groove Bandits,Merlene Webber,Justin Lee
We Architects,Sergio Arau,Carter Winter
ALIUS,50 al Norte,The Roads Below
Sebastian Wibe,Henna,Ty March.
Dave Darell,Alphabetics,Dylan Raymond
Spencer & Hill,Los Kaites,Luke Pell
The Spacies,Dogandul,Josh Phillips
Prince Woods,13 Millas de Libertad,Drew Jacobs
Dreweybear,Mechas Kadeho,Ross Ellis
Richie Krisak,Monte,Robert Counts
Caru,Julio NÃ¡jera,Dustin Huff
Ryan Arnold,Voodoo,Clark Manson
pilton,Foffo Goddy,Mark Leach
TOMOS,SÃ­ndrome De Estocolmo,Cole Taylor
Matt Komo,Soul Vendors,Tyler Hammond
Restless Modern x,The Firebirds,Zach Dylan
Chamsi,Johnny & The Attractions,Bobby Compton
MVRSE,The Cables,Jimmy Fortune
Charlie Miller,The Three Tops,Lawrence Reynolds
Xandar,Perro Callejero,Canaan Cox
ETHYRIAL,California Blues,Cash Campbell
STRANGR,Rolas,Kylie Frey
TAYST,Sol Mayor,Hank Harral
EQRIC,Barrio Pobre,Billy Briggs
Hoved,Tatuaje Vivo,Radio Romance
Vaance,Tuzos,Chet Atkins and his Guitar Pickers
Motion Blur,Ãngel O Demonio,Kasey Tyndall
Kap Slap,Jessie Blues,Charles Kelley
Aash Mehta,Pacheco Blues,Hudson Moore
Neo Noir,LOS GESTOS DE LA DOÃ‘A,Van Zant
Adam Turley,CorazÃ³n Amargo,The Tractors
Wild Cards,Sonny Fisher,Austin Jenckes
KEPIK,Andy Starr,Twinnie
Severo,Bobby Lee Trammell,Gene O'Quin
Sabai,Johnny Powers,Ray Batts
Sovern,Tommy Blake,Natalie Hemby
NLSN,Tristeza Urbana,Cody Webb
Sam Robs,SueÃ±o Urbano,CHASE WRIGHT
Tobias Schulz,Doble Identidad,John Gurney
Micheal Mind,Valance,Bird's Kentucky Corn Crackers
Belmond & Parker,Penacho,Blue Ridge Singers
LODATO,Oliver Wakeman,The Bailes Brothers
Spce CadeX,The Rulers,Smiley Burnette
Fentura,The Dreamletts,Zeb Turner
Thimlife,Winston Samuels,The Phipps Family
Mack,Ace of Hearts,Jeff Durham
Danny Olson,Honey Boy Martin,Ricky Riddle
Speaker Of The House,Theo Beckford,Teddy Robb
PRMDS,The Soulmates,Ross Coppley
DJ Falk,Slim Smith & The Uniques,Roger Jackson
Cashae,Tony Kaye,Brandon Robert Young
Sebo Reed,Geoff Downes,LJ
Tom Pulse,Tracy Pendarvis,ALISSA GRIFFITH
The Glitterboys Are Nastytunez,Jimmy Lloyd,Blaire Hanks
G & G,Pat Cupp,J. Adam Broome
Master & Servant,Vago,Ricky Gunn
Armand De France,Destino Perdido,BROWN & GRAY
Funky Chicos,Karatula,Carlton Anderson
Bernasconi & Farenthide,Theophilus Beckford,Tom O'Connor
SDJM,Virus Zocial,Stones River Ranch Boys
Danny .S.,Fantasma De Canterville,Brown's Ferry Four
Daniel Hoppe,Hazel,Little Herby
Guru Project,Tres Vallejo,Jess Willard
RÃ˜GUENETHVN,Toma II,The York Brothers
LZRD,CallejÃ³n 13,The Nettles Sisters
Darren Bailie,Marvin Rainwater,Buddy Jewel
Mike Candys & Jack Holiday,Jody Reynolds,Jimmy Wayne
Sam F,Gene Summers,Rayne Johnson
Boston Bun,Lord Brynner,Kyle Setter
Dropout,My Deception,Brian Collins
Klingenberg,Dark Secret Love,Chris Carmack
Stefano Prada,Tears Of The Nightflower,Brandon Ratcliff
Rock Massive,Embellish,Christina Taylor
LuxLyfe,Beyond Surface,The Country Boys
Rustler,Diminished 7,Nick Wayne
Herrin,Vlad in Tears,Payton Smith
Marvin Vogel,New Dawn Foundation,Jordan Brooker
Asto,Megadriel,AIMP Nashville
Breakfastklub,Amy's Ashes,Troy Cartwright
Sun @ Night,Vitaly,Johnny Orr Band
Laserkraft 3D,Rest In Silence,Joe Stuart
Oceans on Fire,La Tia De Las Muchachas,Harry Choates
West Coast Massive,Angelica Infante,Richard Kiser
tofÃ»,Coyote Hambriento,Ashley Campbell
Sunrider,The Cuadros,Josh Mirenda
Ronny Rockstroh,The Blue Shaman,Tommy Durden & The Westernaires
Disco Cell,Ian McLagan,Red Pleasant
Xenia Ghali,Ken Booth,"McGuinn, Clark & Hillman"
Wallaby,Das Scheit,Lewis Brice
The Caramel Club,Kristian Schultze,Leaving Austin
Wish I Was,Duke Reid's All Stars,Ricky Young
Sumix,Leyenda Urbana,Tristan Horncastle
Almost Weekend,Mark Springer,Jacob Powell
Jasper Dietze,Lolita KompleX,Brinley Addington
Arnold Palmer,Silvana,Ramblin' Jimmie Dolan
Bloom & Bridge,Eddie Hardin,Johnny Bond & His Red River Valley Boys
Exede,Deviltears,Johnny Hicks & His Country Hicks
Lucky Rose,La Sonrisa Invertida,Wally Fowler & His Georgia Clodhoppers
SLATIN,Repentance,Curley Williams & His Georgia Peach Pickers
WOLFHOWL,Raven Soul,Paul Howard & His Cotton Pickers
Dennis Christopher,Esenia,Ryan Follese
Discofamily,Posithrone,The Kentucky Minstrels
Jayson Green,Katanga,Ryan Bradley
Alex Gaudino & Jason Rooney,Lyn Taitt & The Jets,Morgan Frazier
MACKandgold,The Mellotones,Jenny Leigh
Finger&Kadel,Eric Woolfson,Herbert Busby
One Bit,Izzy Stradlin And The Ju Ju Hounds,Cynthia Clawson
Captain Cuts,Real:Dead:Love,Atlanta Rythm Section
bear bear & friends,The Tartans,Cort Carpenter
